<?xml version="1.0"?>
<skin version="1.2" name="lynda-desktop-replay" author="lynda.com">

	<settings>
		<setting name="backcolor" value="0x666666" />
		<setting name="frontcolor" value="0x000000" />
		<setting name="lightcolor" value="0x000000" />
		<setting name="screencolor" value="0x000000" />
	</settings>

	<components>
		<component name="controlbar">
			<settings>
				<setting name="margin" value="0" />
				<setting name="fontsize" value="11" />
				<setting name="fontcolor" value="0xffffff" />
				<setting name="buttoncolor" value="0x000000" />
				<setting name="fontweight" value="regular" />
				<setting name="font" value="Verdana" />
			</settings>
			
			<layout>
				<group position="left">
                    <divider width="12" />
					<button name="play" />
                    <divider width="12" />
					<text name="elapsed" />
                     
				</group>
                
				<group position="center">
                    <slider name="time" />
				</group>
                
				<group position="right">
                    <text name="duration" />
					<button name="volume" /> 
                    <divider width="12" />
					<button name="fullscreen" />
                    <divider width="12" />
				</group>
			</layout>

			<elements>
				<element name="background" src="background.png" />
				<element name="capLeft" src="divider.png" />
				<element name="capRight" src="divider.png" />
				<element name="divider" src="divider.png" />
				<element name="blankButton" src="blankButton.png" />
				<element name="fullscreenButton" src="fullscreenButton.png" />
				<element name="fullscreenButtonOver" src="fullscreenButtonOver.png" />
				<element name="muteButton" src="muteButton.png" />
				<element name="muteButtonOver" src="muteButtonOver.png" />
				<element name="pauseButton" src="pauseButton.png" />
				<element name="pauseButtonOver" src="pauseButtonOver.png" />
				<element name="playButton" src="playButton.png" />
				<element name="playButtonOver" src="playButtonOver.png" />
				<element name="timeSliderThumb" src="timeThumb.png" />
				<element name="timeSliderBuffer" src="timeSliderBuffer.png" />
				<element name="timeSliderCapLeft" src="timeSliderCapLeft.png" />
				<element name="timeSliderCapRight" src="timeSliderCapRight.png" />
				<element name="timeSliderProgress" src="timeSliderProgress.png" />
				<element name="timeSliderRail" src="timeSliderRail.png" />
				<element name="normalscreenButton" src="normalscreenButton.png" />
				<element name="normalscreenButtonOver" src="normalscreenButtonOver.png" />
				<element name="volumeSliderRail" src="volumeSliderRail.png" />
				<element name="volumeSliderBuffer" src="volumeSliderBuffer.png" />
				<element name="volumeSliderProgress" src="volumeSliderProgress.png" />
			</elements>
		</component>
		
		<component name="display">
			<settings>
				<setting name="bufferinterval" value="1" />
				<setting name="bufferrotation" value="4" />
			</settings>
			<elements>
				<element name="background" src="background.png" />
				<element name="errorIcon" src="bufferIcon.png" />
				<element name="bufferIcon" src="bufferIcon.png" />
                
                <element name="playIcon" src="playIcon.png" />
                <element name="playIconOver" src="playIconOver.png" />

			</elements>
		</component>
		
		<component name="dock">
			<settings>
				<setting name="fontcolor" value="0xFFFFFF" />
			</settings>
			<elements>
				<element name="button" src="button.png" />
			</elements>
		</component>

	</components>

</skin>